{"accuracy": [0.5851625204086304, 0.8555658459663391], "loss": [1.4152404069900513, 0.45378077030181885], "val_accuracy": [0.8388914465904236, 0.8873776197433472], "val_loss": [0.49654918909072876, 0.3615882992744446]}